'140009_OD_2602_Volume',4.7065, 
'7059_OD_21005_Volume',3.579,
'489_OD_4364_Volume',5.9492,
'4464_OD_29267_Volume',3.7336,
'4338_OD_23762_Volume',3.3255,
'2700_OD_6256_Volume',4.1669,
'5951_OD_17674_Volume',5.9219, 
'4173_OD_21924_Volume',4.5657, 
'2639_OD_7362_Volume',6.3163, 
'120006_OD_5723_Volume',3.8895, 
'1472_OD_11239_Volume',3.0774,   
'5938_OD_17121_Volume',3.8447,
'5926_OD_16641_Volume',5.1947,
'4162_OD_23992_Volume',5.6451,
'4013_OD_22672_Volume',4.6272,
'2074_OD_14478_Volume',3.5124,  
'32048_OD_11830_Volume',2.9735,
'660_OD_3353_Volume',4.6784,
'2626_OD_7913_Volume',6.0196,
'7044_OD_27662_Volume',4.2847,
'6049_OD_20607_Volume',3.8067,
'4959_OD_28688_Volume',5.3279,
'120030_OD_3477_Volume',4.754,
'6757_OD_20040_Volume',5.1592,
'120201_OD_11574_Volume',6.7029, 
'6783_OD_17761_Volume',3.6145, 
'6418_OD_20692_Volume',3.1128,
'2627_OD_7904_Volume',3.7388,
'440_OD_5194_Volume',4.8454,
'1437_OD_11147_Volume',4.4794,
'4511_OD_29134_Volume',3.1577, 
'4616_OD_29366_Volume',5.2515,
'6071_OD_18909_Volume',5.0659,
'6890_OD_19307_Volume',5.2929,
'6830_OD_21054_Volume',4.2966,
'5370_OD_25954_Volume',5.4684,
'34087_OD_20182_Volume',5.2049,
'6813_OD_21155_Volume',3.702,
'2592_OD_7530_Volume',7.0292, 
'2806_OD_6493_Volume',2.8019, 
'5097_OD_25190_Volume',3.8376,
'1296_OD_24884_Volume',4.4995,
'1411_OD_11027_Volume',3.2846, 
'5363_OD_25453_Volume',5.1986, 
'1062_OD_9512_Volume',3.1165,
'2044_OD_14191_Volume',3.9845,
